login_id,password,email,gender_id,birth_date,nickname,profile_image_url,description,country,website_url
messi,1q2w,messi@naver.com,2,1975-05-05,메시,https://images.unsplash.com/photo-1598121876853-82437626c783?ixlib=rb-1.2.1&ixid=eyJhcHBfaWQiOjEyMDd9&auto=format&fit=crop&w=1296&q=60,맨체스터시티에서 선수 생활을 하고 있는 메시라고 합니다.,대한민국,https://www.instagram.com/leomessi/
ronaldo,1q2w,ronaldo@naver.com,2,1990-06-06,호날두,https://images.unsplash.com/photo-1567371278008-4d771286fb85?ixlib=rb-1.2.1&ixid=eyJhcHBfaWQiOjEyMDd9&auto=format&fit=crop&w=1296&q=60,유벤투스에서 선수생활을 하고 있는 호날두라고 합니다.,대한민국,https://www.instagram.com/cristiano/
dooly,1q2w,dooly@naver.com,2,2002-02-02,둘리,https://images.unsplash.com/photo-1525877442103-5ddb2089b2bb?ixlib=rb-1.2.1&auto=format&fit=crop&w=1296&q=60,고길동네 거주하는 둘리입니다.,대한민국,https://www.instagram.com/doolymuseum/?hl=ko
douner,1q2w,douner@naver.com,2,1960-05-03,도우너,https://images.unsplash.com/photo-1503533464228-bd3c36ddd3fb?ixlib=rb-1.2.1&ixid=eyJhcHBfaWQiOjEyMDd9&auto=format&fit=crop&w=1296&q=60,고길동네 거주하는 도우너입니다.,대한민국,https://www.instagram.com/go_gil_dong/
minkoo,1q2w,minkoo@naver.com,1,2007-02-03,김민구,https://images.unsplash.com/photo-1544005313-94ddf0286df2?ixlib=rb-1.2.1&ixid=eyJhcHBfaWQiOjEyMDd9&auto=format&fit=crop&w=1296&q=60,위코드에서 공부하고 있는 김민구입니다.,대한민국,
hocheol,1q2w,hocheol@naver.com,1,1990-05-05,장호철,https://images.unsplash.com/photo-1548946526-f69e2424cf45?ixlib=rb-1.2.1&ixid=eyJhcHBfaWQiOjEyMDd9&auto=format&fit=crop&w=1296&q=60,위코드에서 공부하고 있는 장호철입니다.,대한민국,
hyunjae,1q2w,hyunjae@naver.com,1,1997-07-07,박현재,https://images.unsplash.com/photo-1494790108377-be9c29b29330?ixlib=rb-1.2.1&ixid=eyJhcHBfaWQiOjEyMDd9&auto=format&fit=crop&w=1296&q=60,위코드에서 공부하고 있는 장호철입니다.,대한민국,
munju,1q2w,munju@naver.com,1,1990-06-06,엄문주,https://images.unsplash.com/photo-1567186937675-a5131c8a89ea?ixlib=rb-1.2.1&ixid=eyJhcHBfaWQiOjEyMDd9&auto=format&fit=crop&w=1296&q=60,위코드에서 공부하고 있는 엄문주입니다.,대한민국,
seungchan,1q2w,seungchan@naver.com,1,1995-06-06,백승찬,https://images.unsplash.com/photo-1597357664116-6510db2a06b4?ixlib=rb-1.2.1&ixid=eyJhcHBfaWQiOjEyMDd9&auto=format&fit=crop&w=1296&q=60,위코드에서 공부하고 있는 백승찬입니다.,대한민국,
hyeonseok,q1q2,hyeonseok@naver.com,1,1999-06-06,정현석,https://images.unsplash.com/photo-1585675100414-add2e465a136?ixlib=rb-1.2.1&ixid=eyJhcHBfaWQiOjEyMDd9&auto=format&fit=crop&w=1296&q=60,위코드에서 공부하고 있는 정현석입니다.,대한민국,
dummy1,1234,dummy1@naver.com,1,2020-02-02,dummyname1,,,,
dummy2,1234,dummy2@naver.com,1,2020-02-03,dummyname2,,,,
dummy3,1234,dummy3@naver.com,1,2020-02-04,dummyname3,,,,
dummy4,1234,dummy4@naver.com,1,2020-02-05,dummyname4,,,,
dummy5,1234,dummy5@naver.com,1,2020-02-06,dummyname5,,,,
dummy6,1234,dummy6@naver.com,1,2020-02-07,dummyname6,,,,
dummy7,1234,dummy7@naver.com,2,2020-02-08,dummyname7,,,,
dummy8,1234,dummy8@naver.com,2,2020-02-09,dummyname8,,,,
dummy9,1234,dummy9@naver.com,2,2020-02-10,dummyname9,,,,
dummy10,1234,dummy10@naver.com,2,2020-02-11,dummyname10,,,,
dummy11,1234,dummy11@naver.com,2,2020-02-12,dummyname11,,,,
dummy12,1234,dummy12@naver.com,2,2020-02-13,dummyname12,,,,
dummy13,1234,dummy13@naver.com,1,2020-02-14,dummyname13,,,,
dummy14,1234,dummy14@naver.com,1,2020-02-15,dummyname14,,,,
dummy15,1234,dummy15@naver.com,1,2020-02-16,dummyname15,,,,
dummy16,1234,dummy16@naver.com,1,2020-02-17,dummyname16,,,,
dummy17,1234,dummy17@naver.com,1,2020-02-18,dummyname17,,,,
dummy18,1234,dummy18@naver.com,1,2020-02-19,dummyname18,,,,
dummy19,1234,dummy19@naver.com,2,2020-02-20,dummyname19,,,,
dummy20,1234,dummy20@naver.com,2,2020-02-21,dummyname20,,,,
dummy21,1234,dummy21@naver.com,2,2020-02-22,dummyname21,,,,
dummy22,1234,dummy22@naver.com,2,2020-02-23,dummyname22,,,,
dummy23,1234,dummy23@naver.com,2,2020-02-24,dummyname23,,,,
dummy24,1234,dummy24@naver.com,2,2020-02-25,dummyname24,,,,
dummy25,1234,dummy25@naver.com,1,2020-02-26,dummyname25,,,,
dummy26,1234,dummy26@naver.com,1,2020-02-27,dummyname26,,,,
dummy27,1234,dummy27@naver.com,1,2020-02-28,dummyname27,,,,
dummy28,1234,dummy28@naver.com,1,2020-02-29,dummyname28,,,,
dummy29,1234,dummy29@naver.com,1,2020-03-01,dummyname29,,,,
dummy30,1234,dummy30@naver.com,1,2020-03-02,dummyname30,,,,
dummy31,1234,dummy31@naver.com,2,2020-03-03,dummyname31,,,,
dummy32,1234,dummy32@naver.com,2,2020-03-04,dummyname32,,,,
dummy33,1234,dummy33@naver.com,2,2020-03-05,dummyname33,,,,
dummy34,1234,dummy34@naver.com,2,2020-03-06,dummyname34,,,,
dummy35,1234,dummy35@naver.com,2,2020-03-07,dummyname35,,,,
dummy36,1234,dummy36@naver.com,2,2020-03-08,dummyname36,,,,
dummy37,1234,dummy37@naver.com,1,2020-03-09,dummyname37,,,,
dummy38,1234,dummy38@naver.com,1,2020-03-10,dummyname38,,,,
dummy39,1234,dummy39@naver.com,1,2020-03-11,dummyname39,,,,
dummy40,1234,dummy40@naver.com,1,2020-03-12,dummyname40,,,,
dummy41,1234,dummy41@naver.com,1,2020-03-13,dummyname41,,,,
dummy42,1234,dummy42@naver.com,1,2020-03-14,dummyname42,,,,
dummy43,1234,dummy43@naver.com,2,2020-03-15,dummyname43,,,,
dummy44,1234,dummy44@naver.com,2,2020-03-16,dummyname44,,,,
dummy45,1234,dummy45@naver.com,2,2020-03-17,dummyname45,,,,
dummy46,1234,dummy46@naver.com,2,2020-03-18,dummyname46,,,,
dummy47,1234,dummy47@naver.com,2,2020-03-19,dummyname47,,,,
dummy48,1234,dummy48@naver.com,2,2020-03-20,dummyname48,,,,
dummy49,1234,dummy49@naver.com,1,2020-03-21,dummyname49,,,,
dummy50,1234,dummy50@naver.com,1,2020-03-22,dummyname50,,,,
dummy51,1234,dummy51@naver.com,1,2020-03-23,dummyname51,,,,
dummy52,1234,dummy52@naver.com,1,2020-03-24,dummyname52,,,,
dummy53,1234,dummy53@naver.com,1,2020-03-25,dummyname53,,,,
dummy54,1234,dummy54@naver.com,1,2020-03-26,dummyname54,,,,
dummy55,1234,dummy55@naver.com,2,2020-03-27,dummyname55,,,,
dummy56,1234,dummy56@naver.com,2,2020-03-28,dummyname56,,,,
dummy57,1234,dummy57@naver.com,2,2020-03-29,dummyname57,,,,
dummy58,1234,dummy58@naver.com,2,2020-03-30,dummyname58,,,,
dummy59,1234,dummy59@naver.com,2,2020-03-31,dummyname59,,,,
dummy60,1234,dummy60@naver.com,2,2020-04-01,dummyname60,,,,
dummy61,1234,dummy61@naver.com,1,2020-04-02,dummyname61,,,,
dummy62,1234,dummy62@naver.com,1,2020-04-03,dummyname62,,,,
dummy63,1234,dummy63@naver.com,1,2020-04-04,dummyname63,,,,
dummy64,1234,dummy64@naver.com,1,2020-04-05,dummyname64,,,,
dummy65,1234,dummy65@naver.com,1,2020-04-06,dummyname65,,,,
dummy66,1234,dummy66@naver.com,1,2020-04-07,dummyname66,,,,
dummy67,1234,dummy67@naver.com,2,2020-04-08,dummyname67,,,,
dummy68,1234,dummy68@naver.com,2,2020-04-09,dummyname68,,,,
dummy69,1234,dummy69@naver.com,2,2020-04-10,dummyname69,,,,
dummy70,1234,dummy70@naver.com,2,2020-04-11,dummyname70,,,,
dummy71,1234,dummy71@naver.com,2,2020-04-12,dummyname71,,,,
dummy72,1234,dummy72@naver.com,2,2020-04-13,dummyname72,,,,
dummy73,1234,dummy73@naver.com,1,2020-04-14,dummyname73,,,,
dummy74,1234,dummy74@naver.com,1,2020-04-15,dummyname74,,,,
dummy75,1234,dummy75@naver.com,1,2020-04-16,dummyname75,,,,
dummy76,1234,dummy76@naver.com,1,2020-04-17,dummyname76,,,,
dummy77,1234,dummy77@naver.com,1,2020-04-18,dummyname77,,,,
dummy78,1234,dummy78@naver.com,1,2020-04-19,dummyname78,,,,
dummy79,1234,dummy79@naver.com,2,2020-04-20,dummyname79,,,,
dummy80,1234,dummy80@naver.com,2,2020-04-21,dummyname80,,,,
dummy81,1234,dummy81@naver.com,2,2020-04-22,dummyname81,,,,
dummy82,1234,dummy82@naver.com,2,2020-04-23,dummyname82,,,,
dummy83,1234,dummy83@naver.com,2,2020-04-24,dummyname83,,,,
dummy84,1234,dummy84@naver.com,2,2020-04-25,dummyname84,,,,
dummy85,1234,dummy85@naver.com,1,2020-04-26,dummyname85,,,,
dummy86,1234,dummy86@naver.com,1,2020-04-27,dummyname86,,,,
dummy87,1234,dummy87@naver.com,1,2020-04-28,dummyname87,,,,
dummy88,1234,dummy88@naver.com,1,2020-04-29,dummyname88,,,,
dummy89,1234,dummy89@naver.com,1,2020-04-30,dummyname89,,,,
dummy90,1234,dummy90@naver.com,1,2020-05-01,dummyname90,,,,
dummy91,1234,dummy91@naver.com,2,2020-05-02,dummyname91,,,,
dummy92,1234,dummy92@naver.com,2,2020-05-03,dummyname92,,,,
dummy93,1234,dummy93@naver.com,2,2020-05-04,dummyname93,,,,
dummy94,1234,dummy94@naver.com,2,2020-05-05,dummyname94,,,,
dummy95,1234,dummy95@naver.com,2,2020-05-06,dummyname95,,,,